Year,Month,resid_sales,resid_count,resid_np,comm_sales,comm_count,comm_np,CPI,County,Population,resid_pc,comm_pc,resid_rp,comm_rp
1990,1,3331947.0,,4.4,1596921.0,,4.19,127.4,State,4798100,0.6944305037410642,0.33282361768199914,3.4536891679748827,3.2888540031397175
1990,2,3374314.0,,4.39,1639408.0,,4.23,128.0,State,4798100,0.7032604572643338,0.34167858110502075,3.4296874999999996,3.3046875000000004
1990,3,3177695.0,,4.42,1569364.0,,4.35,128.7,State,4798100,0.6622819449365374,0.327080302619787,3.4343434343434343,3.37995337995338
1990,4,2566890.0,,4.31,1398732.0,,4.22,128.9,State,4798100,0.5349805131197766,0.29151789249911425,3.343677269200931,3.2738557020946466
1990,5,2121638.0,,4.31,1324505.0,,4.06,129.2,State,4798100,0.4421829474166858,0.27604781059169253,3.3359133126934983,3.1424148606811144
1990,6,1892914.0,,4.22,1336254.0,,4.03,129.9,State,4798100,0.39451324482607697,0.2784964881932432,3.2486528098537333,3.1023864511162436
1990,7,1771366.0,,4.3,1366966.0,,4.06,130.4,State,4798100,0.36918071736729124,0.2848973552031012,3.2975460122699385,3.113496932515337
1990,8,1676426.0,,4.24,1437941.0,,4.02,131.6,State,4798100,0.3493937183468456,0.2996896688272441,3.221884498480244,3.0547112462006076
1990,9,1611875.0,,4.32,1460154.0,,4.0,132.7,State,4798100,0.335940268022759,0.30431920968716786,3.2554634513941227,3.0143180105501135
1990,10,1824942.0,,4.56,1434002.0,,4.13,133.5,State,4798100,0.3803468039432275,0.2988687188678852,3.415730337078651,3.0936329588014977
1990,11,2246841.0,,4.52,1457368.0,,4.16,133.8,State,4798100,0.46827723473875077,0.30373856318125925,3.3781763826606874,3.109118086696562
1990,12,3211996.0,,4.58,1661363.0,,4.24,133.8,State,4798100,0.669430816364811,0.34625435068047766,3.423019431988042,3.1689088191330343
1991,1,3921031.0,,4.44,1845977.0,,4.28,134.6,State,5000371,0.7841480162171967,0.36916800773382613,3.2986627043090646,3.179791976225855
1991,2,3647563.0,,4.18,1675757.0,,4.24,134.8,State,5000371,0.7294584741812158,0.33512653361120603,3.1008902077151332,3.1454005934718103
1991,3,3139757.0,,4.48,1540615.0,,4.43,135.0,State,5000371,0.6279048094631379,0.30810013896968846,3.3185185185185184,3.281481481481481
1991,4,2761391.0,,4.29,1481228.0,,4.23,135.2,State,5000371,0.5522372239979794,0.29622362020738063,3.173076923076924,3.1286982248520716
1991,5,2294431.0,,4.32,1345494.0,,4.06,135.6,State,5000371,0.45885215317023476,0.2690788343504912,3.1858407079646023,2.994100294985251
1991,6,1966521.0,,4.25,1381005.0,,4.04,136.0,State,5000371,0.3932750189935907,0.2761805074063505,3.125,2.9705882352941178
1991,7,1768793.0,,4.3,1359744.0,,4.08,136.2,State,5000371,0.353732353059403,0.2719286228961811,3.15712187958884,2.995594713656388
1991,8,1663311.0,,4.28,1419997.0,,4.06,136.6,State,5000371,0.3326375182961424,0.28397832880800244,3.133235724743778,2.9721815519765737
1991,9,1649194.0,,4.33,1447398.0,,4.09,137.2,State,5000371,0.32981432777687897,0.2894581222073322,3.1559766763848396,2.981049562682216
1991,10,1799603.0,,4.52,1476663.0,,4.14,137.4,State,5000371,0.35989389587292625,0.2953106879469543,3.2896652110625904,3.0131004366812224
1991,11,2329117.0,,4.49,1523231.0,,4.26,137.8,State,5000371,0.46578883846818564,0.30462359692910784,3.258345428156749,3.0914368650217705
1991,12,2948426.0,,4.45,1646241.0,,4.29,137.9,State,5000371,0.5896414486045135,0.3292237715961476,3.2269760696156635,3.110949963741842
1992,1,3431475.0,,4.5,1693390.0,,4.41,138.1,State,5116671,0.6706460118307391,0.330955420037755,3.258508327299059,3.1933381607530777
1992,2,3271129.0,,4.29,1681359.0,,4.35,138.6,State,5116671,0.6393080579149998,0.3286040865242264,3.0952380952380953,3.1385281385281383
1992,3,2895644.0,,4.41,1558278.0,,4.46,139.3,State,5116671,0.5659234295111021,0.30454918832967764,3.165829145728643,3.2017229002153624
1992,4,2453141.0,,4.36,1486339.0,,4.33,139.5,State,5116671,0.479440831743921,0.29048946082325794,3.1254480286738358,3.103942652329749
1992,5,2065059.0,,4.34,1417749.0,,4.17,139.7,State,5116671,0.40359425102767016,0.277084260449812,3.106657122405154,2.9849677881173946
1992,6,1778967.0,,4.27,1476218.0,,4.1,140.2,State,5116671,0.3476805524529523,0.2885114168958684,3.0456490727532097,2.9243937232524964
1992,7,1721111.0,,4.39,1500180.0,,4.1,140.5,State,5116671,0.3363732004656934,0.2931945399655362,3.1245551601423482,2.9181494661921707
1992,8,1706348.0,,4.26,1494061.0,,4.1,140.9,State,5116671,0.33348792603628413,0.2919986452128738,3.023420865862313,2.909865152590489
1992,9,1687774.0,,4.4,1530940.0,,4.13,141.3,State,5116671,0.3298578313907617,0.29920626125854094,3.113941967445152,2.922859164897381
1992,10,1823637.0,,4.61,1530419.0,,4.26,141.8,State,5116671,0.35641083821883407,0.29910443724054175,3.2510578279266573,3.004231311706629
1992,11,2329150.0,,4.7,1575272.0,,4.51,142.0,State,5116671,0.45520808353712794,0.3078704884484463,3.309859154929578,3.1760563380281686
1992,12,3272389.0,,4.79,1783084.0,,4.66,141.9,State,5116671,0.6395543117781073,0.34848517717867733,3.375616631430585,3.2840028188865396
1993,1,3973416.0,,4.66,1867568.0,,4.64,142.6,State,5240900,0.7581552786735103,0.35634490259306606,3.267882187938289,3.2538569424964936
1993,2,3713105.0,,4.61,1785174.0,,4.68,143.1,State,5240900,0.7084861378770821,0.3406235570226488,3.2215234102026558,3.270440251572327
1993,3,3304050.0,,4.55,1707482.0,,4.49,143.6,State,5240900,0.6304356122040108,0.3257993856017096,3.168523676880223,3.126740947075209
1993,4,2786804.0,,4.35,1589108.0,,4.29,144.0,State,5240900,0.5317414947814306,0.3032128069606365,3.020833333333333,2.979166666666667
1993,5,2329781.0,,4.34,1499738.0,,4.27,144.2,State,5240900,0.4445383426510714,0.2861603922990326,3.0097087378640777,2.9611650485436893
1993,6,1945446.0,,4.34,1556899.0,,4.23,144.4,State,5240900,0.3712045641015856,0.2970671067946345,3.0055401662049857,2.929362880886427
1993,7,1760686.0,,4.43,1490779.0,,4.28,144.4,State,5240900,0.3359510771050774,0.2844509530805778,3.06786703601108,2.96398891966759
1993,8,1715580.0,,4.43,1512256.0,,4.27,144.8,State,5240900,0.32734454005991337,0.2885489133545765,3.05939226519337,2.948895027624309
1993,9,1734989.0,,4.51,1596938.0,,4.33,145.1,State,5240900,0.3310479116182335,0.3047068251636169,3.1082012405237767,2.9841488628532047
1993,10,1956695.0,,4.53,1544293.0,,4.43,145.7,State,5240900,0.37335095117250855,0.2946617947299128,3.109128345916267,3.040494166094715
1993,11,2450499.0,,5.06,1557772.0,,4.94,145.8,State,5240900,0.4675721727184262,0.2972336812379553,3.4705075445816185,3.388203017832647
1993,12,3260983.0,,5.03,1822986.0,,4.98,145.8,State,5240900,0.6222181304737736,0.34783834837527905,3.4499314128943754,3.4156378600823043
1994,1,3511968.0,,5.02,1771850.0,,4.92,146.2,State,5334400,0.6583623275344931,0.33215544391121776,3.433652530779754,3.365253077975376
1994,2,3319228.0,,5.04,1725800.0,,4.98,146.7,State,5334400,0.6222308038392321,0.32352279544091184,3.4355828220858897,3.3946830265848673
1994,3,3219446.0,,4.95,1754776.0,,4.8,147.2,State,5334400,0.6035254199160168,0.32895470905818835,3.362771739130435,3.260869565217391
1994,4,2669356.0,,4.74,1597738.0,,4.52,147.4,State,5334400,0.5004041691661668,0.2995159718056389,3.215739484396201,3.066485753052917
1994,5,2173628.0,,4.75,1516059.0,,4.39,147.5,State,5334400,0.4074737552489502,0.2842042216556689,3.2203389830508473,2.9762711864406777
1994,6,1899352.0,,4.7,1549902.0,,4.37,148.0,State,5334400,0.3560572885422915,0.2905485152969406,3.175675675675676,2.9527027027027026
1994,7,1791606.0,,4.84,1534604.0,,4.44,148.4,State,5334400,0.3358589532093581,0.28768071385722854,3.261455525606469,2.9919137466307277
1994,8,1699006.0,,4.85,1643529.0,,4.42,149.0,State,5334400,0.318499925014997,0.3081000674865027,3.2550335570469797,2.966442953020134
1994,9,1677928.0,,4.92,1602126.0,,4.48,149.4,State,5334400,0.3145485902819436,0.3003385572885423,3.2931726907630523,2.9986613119143244
1994,10,1923187.0,,4.98,1584166.0,,4.71,149.5,State,5334400,0.3605254574085183,0.2969717306538692,3.3311036789297663,3.150501672240803
1994,11,2474592.0,,5.22,1616108.0,,5.13,149.7,State,5334400,0.46389322135572886,0.3029596580683863,3.486973947895792,3.42685370741483
1994,12,3313562.0,,5.34,1855782.0,,5.3,149.7,State,5334400,0.6211686412717456,0.3478895470905819,3.567134268537074,3.5404141616566465
1995,1,3731362.0,,5.11,1880044.0,,5.14,150.3,State,5429900,0.687187977679147,0.3462391572588814,3.3998669328010642,3.4198270126413832
1995,2,3361083.0,,4.97,1780574.0,,5.13,150.9,State,5429900,0.6189953774470984,0.32792021952522143,3.2935719019218026,3.399602385685885
1995,3,3128983.0,,5.04,1741776.0,,5.05,151.4,State,5429900,0.5762505755170445,0.3207749682314591,3.32892998678996,3.33553500660502
1995,4,2768048.0,,4.81,1689186.0,,4.67,151.9,State,5429900,0.5097788172894528,0.3110897069927623,3.166556945358788,3.074391046741277
1995,5,2289163.0,,4.76,1555116.0,,4.53,152.2,State,5429900,0.4215847437337704,0.2863986445422568,3.1274638633377134,2.9763469119579504
1995,6,2004329.0,,4.54,1648186.0,,4.45,152.5,State,5429900,0.36912816073960847,0.3035389233687545,2.977049180327869,2.918032786885246
1995,7,1825152.0,,4.83,1645860.0,,4.51,152.5,State,5429900,0.3361299471445146,0.3031105545221827,3.1672131147540985,2.957377049180328
1995,8,1743519.0,,4.83,1639692.0,,4.52,152.9,State,5429900,0.3210959686182066,0.30197462200040515,3.1589274035317203,2.9561805101373446
1995,9,1733423.0,,4.85,1634380.0,,4.52,153.2,State,5429900,0.31923663419215825,0.30099633510746054,3.1657963446475192,2.950391644908616
1995,10,2014580.0,,4.96,1681416.0,,4.68,153.7,State,5429900,0.37101604081106465,0.3096587414132857,3.2270657124268056,3.044892648015615
1995,11,2452968.0,,5.21,1654142.0,,5.14,153.6,State,5429900,0.4517519659662241,0.3046358128142323,3.3919270833333335,3.3463541666666665
1995,12,3094642.0,,5.3,1850971.0,,5.29,153.5,State,5429900,0.5699261496528482,0.34088491500764284,3.4527687296416936,3.446254071661238
1996,1,3615767.0,,5.23,1911532.0,,5.2,154.4,State,5516800,0.6554102015661253,0.3464928944315545,3.3873056994818658,3.3678756476683938
1996,2,3709706.0,,5.12,2008657.0,,5.19,154.9,State,5516800,0.6724380075406032,0.3640982091067285,3.3053582956746284,3.3505487411233057
1996,3,3566872.0,,4.92,1836240.0,,5.05,155.7,State,5516800,0.6465472737819026,0.3328451276102088,3.159922928709056,3.243416827231856
1996,4,2741675.0,,4.92,1716868.0,,4.77,156.3,State,5516800,0.49696835121809746,0.31120722157772623,3.1477927063339726,3.0518234165067173
1996,5,2495946.0,,4.97,1684519.0,,4.61,156.6,State,5516800,0.452426406612529,0.30534349622969836,3.1736909323116222,2.9438058748403577
1996,6,2140203.0,,4.9,1688495.0,,4.58,156.7,State,5516800,0.3879428291763341,0.3060642038863109,3.1269942565411624,2.9227823867262286
1996,7,1928430.0,,4.92,1699312.0,,4.61,157.0,State,5516800,0.34955590197215775,0.3080249419953596,3.1337579617834392,2.936305732484077
1996,8,1816002.0,,4.95,1759395.0,,4.6,157.3,State,5516800,0.32917669663573085,0.3189158570185615,3.1468531468531467,2.924348378893833
1996,9,1827621.0,,4.94,1729159.0,,4.66,157.8,State,5516800,0.33128280887470996,0.31343514356148494,3.130544993662864,2.953105196451204
1996,10,2040186.0,,4.95,1690619.0,,4.82,158.3,State,5516800,0.3698132975638051,0.3064492096867749,3.126974099810486,3.0448515476942513
1996,11,2582352.0,,5.07,1725552.0,,5.1,158.6,State,5516800,0.468088747099768,0.3127813225058005,3.1967213114754105,3.215636822194199
1996,12,3547685.0,,5.25,2000712.0,,5.25,158.6,State,5516800,0.6430693517981438,0.3626580626450116,3.3102143757881466,3.3102143757881466
1997,1,3989189.0,,5.2,1983672.0,,5.26,159.1,State,5606800,0.7114912249411429,0.3537975315688093,3.2683846637335012,3.3060967944688873
1997,2,3779931.0,,5.19,1950359.0,,5.24,159.6,State,5606800,0.6741690447313976,0.347855996290219,3.2518796992481205,3.2832080200501252
1997,3,3362573.0,,5.06,1840571.0,,5.07,160.0,State,5606800,0.5997312192337876,0.32827477348933437,3.1625,3.16875
1997,4,2893932.0,,4.72,1776075.0,,4.44,160.2,State,5606800,0.5161468217164871,0.3167715987729186,2.9463171036204745,2.7715355805243447
1997,5,2315520.0,,4.48,1653447.0,,4.25,160.1,State,5606800,0.412984233430834,0.2949002996361561,2.798251093066834,2.654590880699563
1997,6,2008105.0,,4.7,1724619.0,,4.42,160.3,State,5606800,0.35815527573660555,0.3075941713633445,2.932002495321272,2.757330006238303
1997,7,1894413.0,,4.8,1716786.0,,4.46,160.5,State,5606800,0.33787775558250693,0.30619711778554615,2.9906542056074765,2.7788161993769473
1997,8,1809994.0,,4.83,1772365.0,,4.43,160.8,State,5606800,0.3228212170935293,0.31610990226153957,3.0037313432835817,2.754975124378109
1997,9,1801254.0,,4.88,1768394.0,,4.62,161.2,State,5606800,0.32126239566240994,0.31540165513305274,3.0272952853598016,2.8660049627791566
1997,10,2109957.0,,4.93,1763081.0,,4.94,161.6,State,5606800,0.3763210744096454,0.3144540557893986,3.0507425742574257,3.056930693069307
1997,11,2470894.0,,5.07,1721941.0,,5.14,161.5,State,5606800,0.4406959406435043,0.3071165370621388,3.1393188854489162,3.1826625386996903
1997,12,3313458.0,,5.08,1928913.0,,5.08,161.3,State,5606800,0.5909713205393451,0.3440309980737676,3.14941103533788,3.14941103533788
1998,1,3761415.0,,5.14,2043058.0,,5.02,161.6,State,5685300,0.6616036093082159,0.3593579934216312,3.1806930693069306,3.1064356435643563
1998,2,3426512.0,,5.14,1896960.0,,5.15,161.9,State,5685300,0.6026967794135754,0.3336604928499815,3.174799258801729,3.1809759110562075
1998,3,3146232.0,,5.08,1835082.0,,5.03,162.2,State,5685300,0.5533977098833834,0.32277663447839167,3.1319358816276206,3.1011097410604194
1998,4,2759437.0,,4.94,1798990.0,,4.66,162.5,State,5685300,0.48536348125868467,0.3164283327177106,3.0400000000000005,2.867692307692308
1998,5,2368992.0,,4.86,1759855.0,,4.56,162.8,State,5685300,0.41668724605561713,0.3095447909521046,2.9852579852579852,2.800982800982801
1998,6,2083485.0,,4.87,1772900.0,,4.57,163.0,State,5685300,0.36646878792675847,0.3118393048739732,2.9877300613496933,2.8036809815950923
1998,7,2011488.0,,4.89,1784442.0,,4.33,163.2,State,5685300,0.35380507624927443,0.3138694527993246,2.996323529411765,2.653186274509804
1998,8,1829682.0,,4.91,1860954.0,,4.46,163.4,State,5685300,0.32182681652683237,0.32732731781964014,3.004895960832313,2.729498164014688
1998,9,1889682.0,,4.98,1870869.0,,4.68,163.6,State,5685300,0.3323803493219355,0.32907128911403094,3.0440097799511006,2.860635696821516
1998,10,2167819.0,,5.02,1803226.0,,4.99,164.0,State,5685300,0.38130248183912896,0.3171734121330449,3.060975609756097,3.0426829268292686
1998,11,2599720.0,,5.12,1825989.0,,5.12,164.0,State,5685300,0.4572705046347598,0.3211772465832938,3.1219512195121952,3.1219512195121952
1998,12,3317779.0,,5.15,1996096.0,,5.11,163.9,State,5685300,0.5835714913900761,0.351097743302904,3.14215985356925,3.117754728492984
1999,1,3848123.0,,5.2,2094218.0,,5.11,164.3,State,5757400,0.6683786083996248,0.36374370375516724,3.164942178940962,3.1101643335362144
1999,2,3643442.0,,5.2,2066546.0,,5.11,164.5,State,5757400,0.6328276652655712,0.3589373675617466,3.1610942249240126,3.1063829787234045
1999,3,3465639.0,,5.1,1949503.0,,5.01,165.0,State,5757400,0.6019451488519123,0.33860822593531803,3.090909090909091,3.036363636363636
1999,4,2921257.0,,5.0,1947495.0,,4.61,166.2,State,5757400,0.507391704588877,0.33825945739396257,3.008423586040915,2.7737665463297234
1999,5,2578183.0,,4.9,1699855.0,,4.61,166.2,State,5757400,0.44780334873380345,0.2952469864869559,2.9482551143200966,2.7737665463297234
1999,6,2218616.0,,4.9,1870383.0,,4.61,166.2,State,5757400,0.38535033174696914,0.3248659116962518,2.9482551143200966,2.7737665463297234
1999,7,1992808.0,,5.0,1771568.0,,4.61,166.7,State,5757400,0.3461298502796401,0.3077027825059923,2.999400119976005,2.765446910617877
1999,8,1962875.0,,5.0,1881292.0,,4.5,167.1,State,5757400,0.34093080209816934,0.3267606905895022,2.9922202274087373,2.6929982046678633
1999,9,1993187.0,,5.0,1921508.0,,4.71,167.9,State,5757400,0.34619567860492584,0.3337457880293188,2.9779630732578917,2.805241215008934
1999,10,2192457.0,,5.1,1862800.0,,5.01,168.2,State,5757400,0.38080678778615346,0.32354882412199953,3.032104637336504,2.9785969084423307
1999,11,2697938.0,,5.2,1874459.0,,5.31,168.3,State,5757400,0.46860353631847707,0.32557387014972033,3.0897207367795603,3.155080213903743
1999,12,3302496.0,,5.3,2069177.0,,5.11,168.3,State,5757400,0.5736089206933686,0.35939434466946885,3.1491384432560903,3.0362448009506835
2000,1,3902716.0,,5.22,2124320.0,,5.07,168.8,State,5803400,0.6724878519488575,0.3660474894027639,3.092417061611374,3.0035545023696684
2000,2,3617050.0,,5.26,2086031.0,,5.15,169.8,State,5803400,0.623263948719716,0.3594498052865562,3.0977620730270905,3.032979976442874
2000,3,3359636.0,,5.23,2031237.0,,5.13,171.2,State,5803400,0.5789082262122204,0.3500080987007616,3.0549065420560755,2.996495327102804
2000,4,2738745.0,,5.16,1854665.0,,4.79,171.3,State,5803400,0.47192077058276183,0.319582486128821,3.0122591943957966,2.7962638645650904
2000,5,2426910.0,,5.08,1845988.0,,4.65,171.5,State,5803400,0.41818761415721817,0.3180873281179998,2.9620991253644315,2.7113702623906706
2000,6,2165901.0,,5.14,1958661.0,,4.62,172.4,State,5803400,0.37321242719784953,0.3375023262225592,2.9814385150812064,2.679814385150812
2000,7,2041629.0,,5.17,1946925.0,,4.62,172.8,State,5803400,0.351798773132991,0.3354800634111038,2.991898148148148,2.673611111111111
2000,8,2073828.0,,5.15,2115964.0,,4.68,172.8,State,5803400,0.3573470724058311,0.3646076437950167,2.980324074074074,2.708333333333333
2000,9,1976376.0,,5.1,1982043.0,,4.89,173.7,State,5803400,0.3405548471585622,0.3415313436950753,2.936096718480138,2.8151986183074262
2000,10,2190941.0,,5.21,2001855.0,,5.06,174.0,State,5803400,0.37752713926319054,0.34494520453527244,2.994252873563218,2.908045977011494
2000,11,2853624.0,,5.13,1938248.0,,5.0,174.1,State,5803400,0.491715890684771,0.3339849054002826,2.9465824238943137,2.871912693854107
2000,12,3688422.0,,4.76,2104637.0,,4.65,174.0,State,5803400,0.6355622566081952,0.3626558569114657,2.7356321839080455,2.6724137931034484
2001,1,3968130.0,,4.95,2215598.0,,4.95,175.1,State,5974910,0.6641321793968444,0.37081696628066363,2.826956025128498,2.826956025128498
2001,2,3560284.0,,5.51,2195186.0,,5.44,175.8,State,5974910,0.5958724064462896,0.3674006805123424,3.13424345847554,3.094425483503982
2001,3,3236920.0,,5.71,2009925.0,,5.61,176.2,State,5974910,0.5417520933369707,0.33639418836434354,3.240635641316686,3.1838819523269017
2001,4,2853568.0,,5.72,1919974.0,,5.39,176.9,State,5974910,0.4775917963617862,0.32133940092821484,3.2334652345958164,3.046919163369135
2001,5,2438889.0,,5.74,1918473.0,,5.34,177.7,State,5974910,0.4081884078588631,0.3210881837550691,3.2301631963984243,3.0050647158131683
2001,6,2063708.0,,5.67,1950329.0,,5.12,178.0,State,5974910,0.34539566286354106,0.32641981218127136,3.1853932584269664,2.8764044943820224
2001,7,1921028.0,,5.64,1856451.0,,5.23,177.5,State,5974910,0.32151580525899137,0.310707776351443,3.177464788732394,2.946478873239437
2001,8,1865398.0,,5.87,1946768.0,,5.15,177.5,State,5974910,0.31220520476459057,0.32582381994038406,3.307042253521127,2.9014084507042255
2001,9,1806901.0,,5.79,1847448.0,,5.47,178.3,State,5974910,0.3024147644064932,0.30920097541218194,3.2473359506449797,3.067863151991026
2001,10,2097075.0,,5.82,1989682.0,,5.55,177.7,State,5974910,0.35098018212826637,0.3330061875409002,3.2751828925154762,3.1232414181204278
2001,11,2516474.0,,6.14,1831887.0,,6.17,177.4,State,5974910,0.42117354068931584,0.30659658471843093,3.461104847801578,3.4780157835400227
2001,12,3280096.0,,6.23,2158805.0,,5.97,176.7,State,5974910,0.5489783109703744,0.36131171850287286,3.5257498585172615,3.3786078098471983
2002,1,3709947.0,,6.34,2194472.0,,6.08,177.1,State,6041710,0.6140557888412387,0.36322034655751434,3.5798983625070586,3.433088650479955
2002,2,3571474.0,,6.31,2131203.0,,6.22,177.8,State,6041710,0.5911362842638922,0.3527483113224567,3.5489313835770524,3.4983127109111356
2002,3,3499624.0,,6.31,2083915.0,,6.26,178.8,State,6041710,0.5792439557674897,0.34492138815004364,3.5290827740492166,3.5011185682326618
2002,4,2916128.0,,6.3,1956914.0,,6.19,179.8,State,6041710,0.4826660001886883,0.32390068374682,3.503893214682981,3.442714126807564
2002,5,2495968.0,,6.39,1899257.0,,6.05,179.8,State,6041710,0.4131227748435459,0.31435752460809935,3.5539488320355943,3.3648498331479417
2002,6,2100651.0,,6.39,1889918.0,,6.06,179.9,State,6041710,0.34769146483363156,0.3128117701776484,3.5519733185102833,3.368538076709283
2002,7,2017504.0,,6.31,1999365.0,,5.83,180.1,State,6041710,0.3339293014725963,0.3309270057649242,3.5036091060521932,3.237090505274848
2002,8,1896980.0,,6.33,2009538.0,,5.93,180.7,State,6041710,0.31398064455261837,0.3326108005846027,3.5030437188710573,3.281682346430548
2002,9,1902357.0,,6.22,1991841.0,,6.04,181.0,State,6041710,0.3148706243762114,0.3296816629729001,3.43646408839779,3.3370165745856357
2002,10,2114791.0,,6.24,1980586.0,,6.2,181.3,State,6041710,0.3500318618404392,0.32781877978254503,3.44180915609487,3.419746276889134
2002,11,2626308.0,,6.18,1987075.0,,6.3,181.3,State,6041710,0.4346961373518424,0.3288928134584414,3.4087148372862655,3.474903474903475
2002,12,3214265.0,,6.19,2185548.0,,6.14,180.9,State,6041710,0.5320124600485624,0.3617432812895687,3.4217799889441682,3.3941404090657814
2003,1,3454000.0,,6.21,2422080.0,,6.15,181.7,State,6098300,0.5663873538527131,0.3971729826345047,3.4177215189873418,3.3847000550357733
2003,2,3255427.0,,6.23,2469774.0,,5.98,183.1,State,6098300,0.5338253283702016,0.40499385074528965,3.4025122883670127,3.26597487711633
2003,3,3240061.0,,6.24,2343514.0,,6.15,184.2,State,6098300,0.5313056097600971,0.3842897200859256,3.387622149837134,3.3387622149837135
2003,4,2921734.0,,6.3,2248986.0,,6.1,183.8,State,6098300,0.47910630831543216,0.3687890067723792,3.427638737758433,3.3188248095756254
2003,5,2415608.0,,6.34,2125565.0,,5.96,183.5,State,6098300,0.3961117032615647,0.3485504156896184,3.4550408719346044,3.2479564032697548
2003,6,2184604.0,,6.36,2314296.0,,5.94,183.7,State,6098300,0.358231638325435,0.37949854877588834,3.462166575939032,3.2335329341317367
2003,7,2105028.0,,6.37,2282612.0,,5.99,183.9,State,6098300,0.345182755849991,0.3743030024760999,3.463839042958129,3.2572050027188686
2003,8,1946369.0,,6.36,2323967.0,,5.96,184.6,State,6098300,0.31916583310102814,0.38108440057065085,3.445287107258938,3.228602383531961
2003,9,1943667.0,,6.37,2358302.0,,6.0,185.2,State,6098300,0.31872275880163325,0.38671465818342815,3.439524838012959,3.2397408207343417
2003,10,2124857.0,,6.34,2287415.0,,6.13,185.0,State,6098300,0.3484343177606874,0.37509059901939884,3.427027027027027,3.3135135135135134
2003,11,2694690.0,,6.26,2338061.0,,6.22,184.5,State,6098300,0.44187560467671316,0.38339553646098096,3.3929539295392956,3.3712737127371275
2003,12,3586000.0,,6.41,2524752.0,,6.21,184.3,State,6098300,0.5880327304330715,0.41400915009100897,3.47802495930548,3.3695062398263698
2004,1,3983103.0,,6.34,2451311.0,,6.35,185.2,State,6167800,0.6457899088816109,0.39743684944388596,3.423326133909287,3.4287257019438444
2004,2,3395279.0,,6.62,2489422.0,,6.24,186.2,State,6167800,0.5504846136385745,0.40361587600116733,3.5553168635875405,3.3512352309344795
2004,3,3410729.0,,6.31,2420958.0,,6.22,187.4,State,6167800,0.5529895586757029,0.39251564577320924,3.3671291355389537,3.3191035218783345
2004,4,2714465.0,,6.27,2248773.0,,6.1,188.0,State,6167800,0.4401026297869581,0.36459888452932976,3.335106382978723,3.2446808510638294
2004,5,2211735.0,,6.28,2151824.0,,6.0,189.1,State,6167800,0.35859382599954603,0.34888031388825835,3.320994182971973,3.172924378635643
2004,6,2149006.0,,6.34,2238897.0,,6.07,189.7,State,6167800,0.34842342488407535,0.362997665293946,3.3421191354770694,3.1997891407485506
2004,7,2094004.0,,6.34,2354748.0,,6.02,189.4,State,6167800,0.3395058205518986,0.38178086189565164,3.3474128827877507,3.178458289334741
2004,8,2115451.0,,6.37,2446669.0,,6.11,189.5,State,6167800,0.34298307338110834,0.39668423100619343,3.361477572559367,3.2242744063324538
2004,9,2024063.0,,6.35,2302440.0,,6.12,189.9,State,6167800,0.3281661208210383,0.37330004215441487,3.343865192206424,3.2227488151658767
2004,10,2195499.0,,6.51,2325436.0,,6.12,190.9,State,6167800,0.3559614449236357,0.3770284380167969,3.410162388685175,3.2058669460450497
2004,11,2716923.0,,6.32,2276602.0,,6.36,191.0,State,6167800,0.44050115113979055,0.3691108661110931,3.30890052356021,3.329842931937173
2004,12,3444426.0,,6.4,2518707.0,,6.33,190.3,State,6167800,0.5584529329744804,0.40836392230617075,3.3631108775617444,3.3263268523384126
2005,1,3924881.0,,6.46,2487587.0,,6.32,190.7,State,6256400,0.6273385653091235,0.39760677066683714,3.3875196643943366,3.314105925537494
2005,2,3471184.0,,6.43,2381715.0,,6.43,191.8,State,6256400,0.5548213029857426,0.3806845789911131,3.35245046923879,3.35245046923879
2005,3,3312049.0,,6.42,2298942.0,,6.39,193.3,State,6256400,0.5293857489930311,0.36745444664663385,3.321262286601138,3.3057423693740295
2005,4,2852429.0,,6.53,2310730.0,,6.35,194.6,State,6256400,0.4559217761012723,0.36933859727638896,3.355601233299075,3.263103802672148
2005,5,2373976.0,,6.55,2138627.0,,6.23,194.4,State,6256400,0.37944760565181257,0.34183028578735375,3.369341563786008,3.2047325102880655
2005,6,2186808.0,,6.6,2247160.0,,6.25,194.5,State,6256400,0.34953135988747525,0.3591778019308228,3.3933161953727504,3.2133676092544987
2005,7,2109924.0,,6.58,2282732.0,,6.26,195.4,State,6256400,0.33724250367623554,0.3648634997762291,3.3674513817809624,3.2036847492323437
2005,8,2167380.0,,6.61,2426578.0,,6.22,196.4,State,6256400,0.34642605971485196,0.387855316156256,3.365580448065173,3.167006109979633
2005,9,2021195.0,,6.59,2296090.0,,6.29,198.8,State,6256400,0.3230603861645675,0.3669985934403171,3.3148893360160963,3.1639839034205233
2005,10,2247511.0,,6.58,2281629.0,,6.33,199.2,State,6256400,0.35923390448181064,0.36468720030688573,3.3032128514056227,3.1777108433734944
2005,11,2771369.0,,6.59,2397775.0,,6.3,197.6,State,6256400,0.44296544338597277,0.38325155041237774,3.3350202429149793,3.188259109311741
2005,12,3773490.0,,6.68,2550019.0,,6.52,196.8,State,6256400,0.6031407838373506,0.40758567227159387,3.39430894308943,3.3130081300813004
2006,1,3861665.0,,5.74,2533610.0,,6.54,198.3,State,6375600,0.605694366020453,0.39739161804379197,2.8946041351487644,3.2980332829046897
2006,2,3518413.0,,6.73,2461449.0,,6.59,198.7,State,6375600,0.5518559821820691,0.3860733107472238,3.38701560140916,3.3165576245596378
2006,3,3641398.0,,6.75,2475154.0,,6.64,199.8,State,6375600,0.5711459313633227,0.38822291235334716,3.378378378378378,3.323323323323323
2006,4,2878702.0,,6.77,2229476.0,,6.58,201.5,State,6375600,0.4515186021707761,0.3496888136018571,3.359801488833747,3.2655086848635237
2006,5,2495268.0,,6.86,2217952.0,,6.41,202.5,State,6375600,0.3913777526821005,0.34788129744651486,3.387654320987654,3.165432098765432
2006,6,2329016.0,,6.91,2358159.0,,6.46,202.9,State,6375600,0.36530146182320095,0.3698724825898739,3.405618531296205,3.1838344011828488
2006,7,2361483.0,,6.98,2450442.0,,6.46,203.5,State,6375600,0.3703938452851496,0.3843468849990589,3.42997542997543,3.1744471744471743
2006,8,2370208.0,,7.07,2426779.0,,6.6,203.9,State,6375600,0.37176234393625696,0.38063539117886946,3.46738597351643,3.2368808239333005
2006,9,2145950.0,,7.11,2348113.0,,6.65,202.9,State,6375600,0.33658792897923334,0.3682967877533095,3.50418925579103,3.2774765894529323
2006,10,2332033.0,,7.13,2233931.0,,6.89,201.8,State,6375600,0.36577467218771564,0.35038757136583226,3.5332011892963324,3.4142715559960353
2006,11,2828491.0,,7.21,2285078.0,,6.87,201.5,State,6375600,0.4436431080996298,0.3584098751490056,3.578163771712159,3.4094292803970223
2006,12,3675939.0,,7.18,2560105.0,,6.91,201.8,State,6375600,0.5765636175418785,0.40154730535165317,3.5579781962338948,3.42418235877106
2007,1,4306137.0,2158486.0,7.02,2624609.0,255763.0,6.67,202.416,State,6488000,0.6637079223181258,0.40453282983970407,3.4681052881195162,3.295194055805865
2007,2,3806286.0,2146266.0,6.93,2618062.0,253065.0,6.51,203.499,State,6488000,0.5866655363748459,0.4035237361282367,3.405422139666534,3.1990329190806834
2007,3,3447578.0,2172528.0,6.92,2459440.0,256941.0,6.63,205.352,State,6488000,0.5313776202219482,0.379075215782984,3.3698235225369118,3.228602594569325
2007,4,2885324.0,2161824.0,7.0,2333161.0,254436.0,6.49,206.686,State,6488000,0.44471701602959307,0.3596117447595561,3.3867799463921116,3.1400288360121147
2007,5,2598701.0,2173152.0,7.03,2336964.0,258475.0,6.38,207.949,State,6488000,0.40053961159062884,0.36019790382244143,3.3806365983967224,3.0680599570086895
2007,6,2287753.0,2169482.0,7.29,2342201.0,256206.0,6.33,208.352,State,6488000,0.3526129778051788,0.3610050863131936,3.4988864997696205,3.0381277837505762
2007,7,2417046.0,2167426.0,7.65,2476801.0,257837.0,6.67,208.299,State,6488000,0.3725409987669544,0.38175107891491983,3.6726052453444327,3.2021277106467143
2007,8,2372573.0,2189626.0,7.41,2503538.0,259103.0,6.28,207.917,State,6488000,0.3656863440197287,0.3858720715166461,3.56392214200859,3.0204360393810994
2007,9,2134391.0,2160140.0,7.62,2403060.0,256944.0,6.52,208.49,State,6488000,0.3289751849568434,0.37038532675709,3.654851551633172,3.127248309271428
2007,10,2435116.0,2194340.0,7.6,2416790.0,259294.0,6.65,208.936,State,6488000,0.375326140567201,0.37250154130702834,3.6374775050733237,3.182792816939158
2007,11,2886480.0,2172568.0,7.52,2393218.0,258329.0,6.78,210.177,State,6488000,0.44489519112207154,0.36886837237977804,3.577936691455297,3.2258524957535792
2007,12,3811394.0,2183497.0,7.55,2691189.0,257605.0,6.68,210.036,State,6488000,0.5874528360049321,0.41479485203452526,3.5946218743453504,3.180407168294959
2008,1,4278359.0,2774451.0,7.43,2640982.0,347668.0,6.73,211.08,State,6587600,0.6494564029388549,0.4009019976926346,3.519992419935569,3.188364601099109
2008,2,4048736.0,2779530.0,7.51,2702202.0,346301.0,6.72,211.693,State,6587600,0.6145995506709575,0.41019521525289937,3.5475901423287493,3.174408223228921
2008,3,3611888.0,2785782.0,7.48,2533998.0,350105.0,6.86,213.528,State,6587600,0.5482858704232194,0.38466178881535007,3.503053463714361,3.2126934172567534
2008,4,3206151.0,2790455.0,7.46,2389542.0,344882.0,6.74,214.823,State,6587600,0.48669485093205417,0.36273331714129575,3.472626301652989,3.1374666585980084
2008,5,2790268.0,2786319.0,7.11,2404172.0,350563.0,6.55,216.632,State,6587600,0.42356366506770293,0.3649541562936426,3.2820635917131358,3.023560692787769
2008,6,2446336.0,2783669.0,7.65,2363109.0,348662.0,6.7,218.815,State,6587600,0.37135466634282593,0.35872077843220596,3.4961040148070293,3.0619473070858945
2008,7,2462751.0,2793807.0,7.7,2465642.0,351559.0,6.67,219.964,State,6587600,0.37384646912380837,0.3742853239419515,3.500572821007074,3.032314378716517
2008,8,2355010.0,2800848.0,7.71,2528400.0,350863.0,6.71,219.086,State,6587600,0.35749134737992594,0.3838120104438642,3.519165989611385,3.0627242270158748
2008,9,2215762.0,2796412.0,7.77,2415146.0,352595.0,6.69,218.783,State,6587600,0.3363534519400085,0.366620013358431,3.551464236252359,3.05782441963041
2008,10,2386539.0,2813346.0,7.73,2435454.0,353086.0,6.81,216.573,State,6587600,0.3622774606837088,0.3697027749104378,3.569235315574887,3.1444362870717955
2008,11,2727123.0,2767316.0,7.71,2347254.0,349141.0,7.05,212.425,State,6587600,0.41397823182949783,0.35631398384844254,3.6295162998705424,3.31881840649641
2008,12,3806924.0,2798307.0,7.52,2652389.0,350844.0,7.04,210.228,State,6587600,0.5778924039103771,0.4026335843099156,3.5770687063569078,3.3487451719085946
2009,1,4449379.0,2797663.0,7.54,2785063.0,351145.0,6.91,211.143,State,6668200,0.6672533817222039,0.4176633874208932,3.5710395324495723,3.2726635502952974
2009,2,4005260.0,2800741.0,7.55,2634152.0,346438.0,7.07,212.193,State,6668200,0.60065085030443,0.39503194265318975,3.5580815578270726,3.331872399183762
2009,3,3825267.0,2814821.0,7.53,2559573.0,352439.0,7.1,212.709,State,6668200,0.573658108635014,0.3838476650370415,3.5400476707614628,3.3378935541044332
2009,4,3213357.0,2810485.0,7.6,2399026.0,350401.0,6.96,213.24,State,6668200,0.4818927146756246,0.35977115263489395,3.5640592759332206,3.2639279684862124
2009,5,2664482.0,2810719.0,7.68,2320683.0,352845.0,6.91,213.856,State,6668200,0.39958039650880295,0.34802240484688524,3.591201556187341,3.2311461918300166
2009,6,2361719.0,2800422.0,7.82,2441920.0,349774.0,6.88,215.693,State,6668200,0.354176389430431,0.3662037731321796,3.6255233132275966,3.1897187205889845
2009,7,2421062.0,2816319.0,7.79,2449609.0,352992.0,6.83,215.351,State,6668200,0.36307579256770944,0.3673568579226778,3.6173502793114496,3.171566419473325
2009,8,2355284.0,2809843.0,7.86,2502135.0,350905.0,6.89,215.834,State,6668200,0.35321136138688103,0.37523394619237577,3.6416875932429553,3.1922681319903257
2009,9,2226514.0,2811650.0,7.83,2460850.0,352521.0,6.9,215.969,State,6668200,0.333900302930326,0.3690426201973546,3.625520329306521,3.194902972185823
2009,10,2418759.0,2825285.0,7.73,2420151.0,352232.0,6.99,216.177,State,6668200,0.3627304220029393,0.3629391739899823,3.5757735559287065,3.233461469073953
2009,11,2867105.0,2792080.0,7.73,2354329.0,349329.0,7.22,216.33,State,6668200,0.4299668576227468,0.35306814432680483,3.5732445800397543,3.3374936439698604
2009,12,3959994.0,2821587.0,7.71,2741183.0,351026.0,7.02,215.949,State,6668200,0.5938625116223268,0.41108290093278543,3.5702874289762856,3.2507675423363844
2010,1,4160946.0,2812518.0,7.69,2544235.0,352303.0,7.18,216.687,State,6733250,0.6179699253703635,0.37786135967029294,3.5488977188294637,3.313535191312815
2010,2,3431281.0,2813369.0,7.72,2472427.0,350870.0,7.32,216.741,State,6733250,0.5096024950803847,0.3671966732261538,3.5618549328461153,3.3773028637867317
2010,3,3355891.0,2833331.0,7.75,2398824.0,355025.0,7.33,217.631,State,6733250,0.4984058218542309,0.35626539932424905,3.5610735602924217,3.3680863479927035
2010,4,2927128.0,2827159.0,7.91,2303176.0,352674.0,7.34,218.009,State,6733250,0.43472736048713473,0.3420600750009282,3.6282905751597414,3.3668334793517696
2010,5,2599456.0,2820499.0,8.12,2281224.0,353503.0,7.24,218.178,State,6733250,0.3860625997846508,0.3387998366316415,3.7217317969731134,3.3183914051829246
2010,6,2412197.0,2815280.0,8.22,2310252.0,351374.0,7.32,217.965,State,6733250,0.35825151301377495,0.34311097909627597,3.771247677379396,3.358337347739316
2010,7,2411079.0,2824844.0,8.23,2357664.0,354094.0,7.32,218.011,State,6733250,0.3580854713548435,0.3501524523818364,3.7750388741852476,3.3576287435037684
2010,8,2444343.0,2834823.0,8.25,2469975.0,353530.0,7.3,218.312,State,6733250,0.3630257305164668,0.36683251030334535,3.778995199530946,3.343838176554655
2010,9,2215624.0,2832726.0,8.35,2362274.0,355122.0,7.41,218.439,State,6733250,0.32905714179630935,0.3508371143207218,3.822577470140405,3.3922513836814856
2010,10,2259137.0,2822452.0,8.31,2382157.0,352483.0,7.51,218.711,State,6733250,0.33551954850926374,0.3537900716593027,3.799534545587556,3.4337550466140248
2010,11,2786239.0,2816229.0,8.23,2357160.0,353217.0,7.6,218.803,State,6733250,0.4138029926112947,0.35007759997029664,3.761374387005663,3.4734441483891905
2010,12,3903604.0,2850116.0,8.13,2593915.0,355732.0,7.55,219.179,State,6733250,0.5797503434448447,0.38523966880778227,3.7092969673189495,3.4446730754314965
2011,1,4175036.0,2818568.0,8.03,2607163.0,352136.0,7.47,220.223,State,6767900,0.6168879563823343,0.38522481124130087,3.6463039736993856,3.392016274412754
2011,2,3743533.0,2816571.0,8.06,2563870.0,350797.0,7.46,221.309,State,6767900,0.5531306609140206,0.378827996867566,3.641966661997479,3.370852518424465
2011,3,3867212.0,2854676.0,8.06,2553882.0,356408.0,7.5,223.467,State,6767900,0.5714050148495102,0.37735220674064335,3.606796529241454,3.3562002443313776
2011,4,3174507.0,2835115.0,8.14,2374618.0,352461.0,7.42,224.906,State,6767900,0.4690534730123081,0.35086481774257894,3.6192898366428645,3.2991560918783844
2011,5,2794067.0,2839995.0,8.27,2299611.0,355000.0,7.38,225.964,State,6767900,0.41284105852627845,0.33978205942759204,3.6598750243401605,3.2660069745623197
2011,6,2456894.0,2836672.0,8.47,2323382.0,353642.0,7.46,225.722,State,6767900,0.36302161674965644,0.3432943749168871,3.7524033988711776,3.3049503371403763
2011,7,2363217.0,2831424.0,8.48,2367268.0,354584.0,7.41,225.922,State,6767900,0.34918024793510544,0.34977880878854595,3.7535078478412904,3.279893060436788
2011,8,2439460.0,2849686.0,8.4,2481324.0,354451.0,7.4,226.545,State,6767900,0.3604456330619542,0.3666313036540138,3.707872608091108,3.266459202365976
2011,9,2228195.0,2847200.0,8.52,2402344.0,356919.0,7.53,226.889,State,6767900,0.3292298940587184,0.35496150947856797,3.755140178677679,3.318803467774991
2011,10,2277837.0,2836127.0,8.45,2397161.0,353475.0,7.54,226.421,State,6767900,0.33656481330988935,0.3541956884705743,3.7319859906987425,3.3300798070850317
2011,11,2962923.0,2832527.0,8.44,2412320.0,354795.0,7.64,226.23,State,6767900,0.437790599742904,0.35643552652964733,3.730716527427839,3.3770941077664327
2011,12,3893262.0,2852963.0,8.38,2625962.0,355499.0,7.67,225.672,State,6767900,0.5752540669927156,0.3880024823061807,3.713353894147258,3.3987379914211773
2012,1,4079777.0,2824129.0,8.37,2615583.0,352915.0,7.66,226.665,State,6817770,0.5984034369009221,0.38364201197752346,3.692674210839785,3.3794366135045113
2012,2,3876416.0,2854694.0,8.28,2540871.0,354428.0,7.73,227.663,State,6817770,0.5685753552847925,0.3726835900888414,3.6369546215239184,3.3953694715434657
2012,3,3660591.0,2863478.0,8.35,2501753.0,357524.0,7.75,229.392,State,6817770,0.5369191099142389,0.36694593686792015,3.6400571946711304,3.3784961986468574
2012,4,3014431.0,2846471.0,8.46,2341074.0,353872.0,7.68,230.085,State,6817770,0.44214325211909467,0.34337826004690686,3.6769020144729123,3.3378968642023596
2012,5,2574153.0,2857533.0,8.52,2313916.0,357798.0,7.56,229.815,State,6817770,0.3775652449407944,0.339394846115372,3.7073298087592197,3.2896025063638143
2012,6,2395877.0,2846052.0,8.7,2306737.0,354327.0,7.59,229.478,State,6817770,0.35141651889107434,0.3383418625151626,3.7912131010380072,3.307506601940055
2012,7,2514488.0,2855662.0,8.7,2403835.0,357577.0,7.58,229.104,State,6817770,0.3688138496898546,0.35258376272593533,3.797402053216006,3.3085410992387736
2012,8,2482497.0,2870049.0,8.72,2507873.0,357362.0,7.58,230.379,State,6817770,0.3641215529417977,0.36784359108623493,3.7850672153277864,3.290230446351447
2012,9,2153773.0,2842209.0,8.79,2366320.0,356206.0,7.63,231.407,State,6817770,0.3159057873762242,0.3470812303729812,3.7985022060698244,3.2972209138012243
2012,10,2316701.0,2875823.0,8.68,2415523.0,358113.0,7.7,231.317,State,6817770,0.3398033374549156,0.35429810627228553,3.752426324048816,3.3287652874626596
2012,11,2810481.0,2842499.0,8.61,2349285.0,356879.0,7.87,230.221,State,6817770,0.41222877861822854,0.3445826127898125,3.739884719465209,3.4184544416017655
2012,12,3631776.0,2854499.0,8.53,2576833.0,355310.0,7.76,229.601,State,6817770,0.5326926546363401,0.3779583353501218,3.7151406134990697,3.3797762204868445
2013,1,4306474.1,2884053.0,8.5,2683752.2,360852.0,7.75,230.28,State,6882400,0.6257227275369057,0.3899442345693363,3.691158589543165,3.365468125759944
2013,2,3800060.0,2876742.0,8.53,2574142.9,357676.0,7.84,232.166,State,6882400,0.5521416947576426,0.3740182058584215,3.674095259426444,3.3768941188632273
2013,3,3480205.4,2884734.0,8.51,2447674.3,361273.0,7.84,232.773,State,6882400,0.5056674125305126,0.35564255201673833,3.6559222933931337,3.368088223290502
2013,4,3080595.7,2875488.0,8.59,2402882.3,358441.0,7.74,232.531,State,6882400,0.4476048616761595,0.34913435720097635,3.6941311050999652,3.32858844627168
2013,5,2584784.1,2879707.0,8.69,2325341.5,363525.0,7.69,232.945,State,6882400,0.37556435255143555,0.3378678222713007,3.730494322694198,3.3012084397604586
2013,6,2225378.8,2862051.0,8.85,2218849.1,358626.0,7.65,233.504,State,6882400,0.3233434267116122,0.32239467336975475,3.7900849664245584,3.276175140468686
2013,7,2480050.6,2883105.0,8.9,2549974.3,363417.0,7.74,233.596,State,6882400,0.3603467685691038,0.3705065529466465,3.8099967465196323,3.3134129009058375
2013,8,2381377.0,2875868.0,8.96,2528641.5,360018.0,7.67,233.877,State,6882400,0.34600967685691036,0.36740693653376727,3.8310735985154594,3.2795016183720502
2013,9,2232170.0,2876535.0,9.0,2491630.2,362325.0,7.72,234.149,State,6882400,0.3243301755201674,0.36202926304777405,3.8437063579173945,3.297045898124698
2013,10,2470775.4,2903818.0,8.84,2455894.3,363804.0,7.82,233.546,State,6882400,0.3589990991514588,0.35683690282459607,3.785121560634736,3.348376765176882
2013,11,2892607.2,2876112.0,8.73,2353093.4,361052.0,7.97,233.069,State,6882400,0.4202904800650936,0.3419001220504475,3.7456718825755466,3.419588190621661
2013,12,4049007.8,2881859.0,8.66,2626794.1,359196.0,7.91,233.049,State,6882400,0.588313349994188,0.381668327908869,3.715956730129715,3.3941359971508134
2014,1,4270973.3,2897422.0,8.52,2603071.0,358454.0,7.91,233.916,State,6968170,0.6129261054193569,0.3735659434256053,3.6423331452316217,3.381555772157527
2014,2,3934074.5,2880698.0,8.61,2523444.8,355044.0,8.02,234.781,State,6968170,0.5645778590361601,0.3621388111943308,3.667247349657766,3.4159493315046787
2014,3,3597735.3,2901651.0,8.64,2509958.9,359886.0,8.12,236.293,State,6968170,0.5163099206821877,0.3602034537044877,3.6564773395741725,3.4364115737664673
2014,4,2895589.7,2899761.0,8.69,2314214.9,357081.0,8.11,237.072,State,6968170,0.4155452148842523,0.33211229060140607,3.6655530809205636,3.420901667004116
2014,5,2465722.9,2912494.0,8.89,2212825.2,361177.0,7.97,237.9,State,6968170,0.35385515852799226,0.3175618849712335,3.7368642286675073,3.3501471206389235
2014,6,2263772.5,2894791.0,8.75,2374740.6,356717.0,7.69,238.343,State,6968170,0.32487331681058296,0.34079831577013764,3.6711797703309936,3.2264425638680394
2014,7,2395319.7,2916503.0,8.93,2414798.5,361973.0,7.98,238.25,State,6968170,0.3437516162780185,0.346547013060818,3.7481636935991602,3.3494228751311654
2014,8,2403615.7,2907444.0,8.9,2452015.0,358964.0,7.88,237.852,State,6968170,0.34494217276558986,0.3518879418843111,3.7418226460151693,3.3129845450111834
2014,9,2220947.0,2914136.0,8.92,2432919.4,361276.0,7.89,238.031,State,6968170,0.31872744206872106,0.34914753801930776,3.747411051501695,3.31469430452336
2014,10,2276976.7,2928697.0,8.8,2475880.4,360944.0,8.04,237.433,State,6968170,0.3267682476173802,0.35531285832578713,3.7063087270935386,3.386218427935459
2014,11,2639821.7,2916089.0,8.61,2197776.4,359579.0,8.2,236.151,State,6968170,0.37884002542991924,0.31540223616817614,3.645972280447679,3.4723545528073134
2014,12,3718409.0,2922719.0,8.19,2528664.9,359501.0,7.81,234.812,State,6968170,0.5336277674052154,0.36288794618960213,3.4878967003389945,3.3260651074050727
2015,1,3863496.2,2925362.0,8.64,2551655.3,362424.0,8.1,233.707,State,7061410,0.547128151459836,0.3613520954030427,3.696936762698593,3.4658782150299308
2015,2,3155025.6,2947126.0,8.68,2366743.2,362938.0,8.23,234.722,State,7061410,0.44679824567614684,0.3351658096612433,3.6979916667376727,3.50627550889989
2015,3,3130264.2,2944691.0,8.72,2428517.3,364436.0,8.25,236.119,State,7061410,0.4432916655455497,0.34391393503563733,3.6930530791677083,3.4940009063226594
2015,4,2789577.0,2940063.0,8.86,2349260.6,363047.0,8.04,236.599,State,7061410,0.39504532380926755,0.3326900151669426,3.7447326489122945,3.3981546836630754
2015,5,2328917.4,2938761.0,8.94,2222906.6,365024.0,8.01,237.805,State,7061410,0.3298091174425504,0.31479642167782357,3.7593826874960574,3.3683059649713
2015,6,2343527.7,2940289.0,9.43,2498455.9,362496.0,8.13,238.638,State,7061410,0.33187815181387287,0.35381827425400875,3.9515919509885262,3.406833781711211
2015,7,2567044.9,2949476.0,9.38,2578128.2,366721.0,8.18,238.654,State,7061410,0.3635314901698103,0.36510104922388026,3.9303761931499164,3.4275562110838287
2015,8,2440113.0,2938905.0,9.4,2509326.9,362842.0,8.08,238.316,State,7061410,0.3455560575012639,0.35535776849099543,3.944342805350879,3.390456368854798
2015,9,2288277.3,2956051.0,9.41,2411300.0,369200.0,8.2,237.945,State,7061410,0.3240538787579251,0.34147571094158247,3.9546954128054805,3.4461745361322995
2015,10,2333355.4,2966918.0,9.44,2370410.0,368626.0,8.37,237.838,State,7061410,0.33043760382133314,0.3356850827242718,3.9690882028944072,3.5192021459985368
2015,11,2936136.2,2933914.0,9.41,2342598.4,365337.0,8.49,237.336,State,7061410,0.41580027218360077,0.3317465492019299,3.9648430916506556,3.5772069976741836
2015,12,3896252.2,2967556.0,9.22,2637209.6,368010.0,8.53,236.525,State,7061410,0.5517668850838572,0.37346784848918274,3.8981080224077793,3.606384103160342
2016,1,3969633.5,2940929.0,9.24,2574624.6,360806.0,8.43,236.916,State,7183700,0.5525889861770397,0.35839812352965744,3.9001164969862736,3.5582231677050093
2016,2,3348884.0,2959631.0,9.24,2406544.4,360114.0,8.58,237.111,State,7183700,0.4661781533193201,0.3350006820997536,3.8969090426003015,3.61855839670028
2016,3,3221564.0,3004846.0,9.3,2383514.5,367895.0,8.57,238.132,State,7183700,0.44845469604799754,0.3317948271781951,3.9053970067021653,3.5988443384341458
2016,4,2482598.0,2967370.0,9.53,2244076.2,362622.0,8.21,239.261,State,7183700,0.3455876498183387,0.312384453693779,3.983097955788866,3.4313991833186357
2016,5,2247637.0,2977186.0,9.65,2281543.1,365675.0,8.33,240.229,State,7183700,0.3128801314086056,0.31759999721591936,4.01700044540834,3.4675247368136235
2016,6,2273240.4,2986536.0,9.67,2354526.8,365040.0,8.36,241.018,State,7183700,0.3164442279048401,0.32775962247866697,4.0121484702387376,3.468620600950966
2016,7,2422746.6,2971812.0,9.75,2420180.4,364491.0,8.32,240.628,State,7183700,0.3372560936564723,0.3368988682712251,4.051897534783982,3.4576192296823316
2016,8,2494089.4,3003089.0,9.73,2589239.4,367704.0,8.32,240.849,State,7183700,0.3471872990241797,0.36043256260701306,4.0398756067079375,3.4544465619537554
2016,9,2179921.6,3004301.0,9.8,2363665.3,375644.0,8.44,241.428,State,7183700,0.3034538747442126,0.32903173851914747,4.059181205162616,3.4958662624053547
2016,10,2507661.2,2997908.0,9.52,2361360.4,374432.0,8.61,241.729,State,7183700,0.3490765482968387,0.3287108871472918,3.938294536443703,3.5618399116365844
2016,11,2795249.1,2998580.0,9.6,2307787.9,374970.0,8.54,241.353,State,7183700,0.38910994334395926,0.32125337917786095,3.9775764129718705,3.53838568403956
2016,12,4268523.1,3017400.0,9.27,2701999.1,374813.0,8.44,241.432,State,7183700,0.5941956234252543,0.3761291674206885,3.839590443686007,3.4958083435501512
2017,1,4717632.5,3004502.0,9.28,2759099.4,378033.0,8.42,242.839,State,7310300,0.6453404785029342,0.37742628893479063,3.8214619562755567,3.467317852568986
2017,2,3765724.8,3010951.0,9.33,2463444.9,377421.0,8.7,243.603,State,7310300,0.5151258908663119,0.3369827366865929,3.8300020935702763,3.5713845888597424
2017,3,3634844.8,3043129.0,9.35,2506876.1,382649.0,8.6,243.801,State,7310300,0.49722238485424675,0.3429238334952054,3.8350950160171613,3.527467073555892
2017,4,2841025.4,3018640.0,9.75,2323241.4,376991.0,8.43,244.524,State,7310300,0.38863321614708013,0.3178038384197639,3.9873386661432004,3.4475143544191984
2017,5,2523213.4,3039780.0,9.79,2386042.3,382944.0,8.56,244.733,State,7310300,0.3451586665389929,0.3263945802497845,4.000277853824372,3.497689318563496
2017,6,2354062.1,3040339.0,9.95,2372252.0,380176.0,8.51,244.955,State,7310300,0.3220199034239361,0.3245081597198473,4.06197056602233,3.474107489130657
2017,7,2555073.2,3031964.0,9.9,2514432.8,380463.0,8.52,244.786,State,7310300,0.3495168734525259,0.34395753936226964,4.044348941524434,3.4805912102816334
2017,8,2599300.9,3059103.0,9.87,2590805.0,383594.0,8.38,245.519,State,7310300,0.35556692611794316,0.3544047439913547,4.020055474321742,3.4131777988668905
2017,9,2312686.4,3032740.0,10.15,2444581.8,381550.0,8.63,246.819,State,7310300,0.31635998522632447,0.33440239114673814,4.112325226177887,3.496489330237948
2017,10,2628082.5,3069648.0,9.76,2348498.8,383310.0,8.78,246.663,State,7310300,0.35950405592109763,0.3212588813044608,3.9568155742855633,3.559512371129841
2017,11,3217788.2,3049378.0,9.76,2415409.9,383221.0,8.65,246.669,State,7310300,0.4401718397329795,0.33041187092185,3.9567193283306774,3.506723585047168
2017,12,4133467.1,3051887.0,9.64,2674820.6,381988.0,8.65,246.524,State,7310300,0.5654305705648195,0.3658975144658906,3.9103697814411578,3.508786162807678
2018,1,4078575.4,3067600.0,9.64,2563878.7,384043.0,8.72,247.867,State,7427570,0.5491130208129981,0.34518405077299846,3.8891825051338023,3.518015710038045
2018,2,3515677.4,3053229.0,9.67,2546481.7,380601.0,8.87,248.991,State,7427570,0.47332807364992857,0.34284183117762607,3.883674510323666,3.5623777566257413
2018,3,3570291.3,3075452.0,9.83,2467631.2,385993.0,8.89,249.554,State,7427570,0.4806809360261835,0.3322259096851326,3.93902722456863,3.5623552417512845
2018,4,2865847.2,3061123.0,9.89,2339784.3,381452.0,8.62,250.546,State,7427570,0.3858391371606057,0.31501342969504154,3.947378924429047,3.440485978622688
2018,5,2356880.2,3071350.0,9.85,2419979.0,385514.0,8.66,251.588,State,7427570,0.3173151111332509,0.32581032558427586,3.915131087333259,3.442135554954927
2018,6,2300380.4,3077952.0,9.93,2363186.2,383762.0,8.62,251.989,State,7427570,0.30970834337475106,0.3181641102002405,3.940648202897745,3.4207842405819298
2018,7,2573966.1,3082741.0,9.82,2598157.3,385650.0,8.58,252.006,State,7427570,0.34654215308640646,0.34979909984019,3.8967326174773618,3.404680840932359
2018,8,2505839.1,3097854.0,9.93,2518726.2,387108.0,8.62,252.146,State,7427570,0.33736997429845833,0.3391050101177101,3.9381945380850776,3.418654271731457
2018,9,2150264.3,3069952.0,10.11,2351987.9,384226.0,8.78,252.439,State,7427570,0.2894976822837078,0.3166564434936325,4.004927923181442,3.4780679688954557
2018,10,2534706.3,3098005.0,9.72,2352521.7,385986.0,8.86,252.885,State,7427570,0.3412564674584016,0.31672831087421593,3.8436443442671573,3.5035688158649188
2018,11,3054857.1,3091054.0,9.52,2351441.0,385604.0,8.72,252.038,State,7427570,0.41128620800611776,0.3165828124137504,3.7772081987636783,3.4597957450860584
2018,12,3831693.1,3076101.0,9.43,2522628.7,382446.0,8.66,251.233,State,7427570,0.5158743842198728,0.3396304174851264,3.7534877981793793,3.446999398964308
2019,1,4120073.8,3127172.0,9.41,2628364.6,387994.0,8.72,251.712,State,7546410,0.5459647435005519,0.348293373935421,3.7383994406305616,3.4642766336130184
2019,2,3938176.2,3084943.0,9.5,2485754.5,383266.0,8.84,252.776,State,7546410,0.5218608848445817,0.3293956331553679,3.7582681900180397,3.4971674526062597
2019,3,3868505.6,3119915.0,9.56,2570380.4,389234.0,8.93,254.202,State,7546410,0.5126286008843941,0.34060969388093143,3.7607886641332486,3.5129542647186094
2019,4,2843181.9,3108831.0,9.83,2334169.2,384455.0,8.75,255.548,State,7546410,0.3767595320158857,0.30930855863914103,3.8466354657442046,3.424014275204658
2019,5,2419526.0,3135106.0,9.93,2307987.6,392121.0,8.76,256.092,State,7546410,0.3206194733654811,0.3058391473561601,3.8775127688486952,3.420645705449604
2019,6,2258606.1,3112767.0,10.04,2281299.9,387060.0,8.77,256.143,State,7546410,0.29929543981840373,0.3023026710714101,3.9196854881843346,3.4238686983442843
2019,7,2483603.8,3141314.0,9.86,2433553.4,392775.0,8.62,256.571,State,7546410,0.3291106367133511,0.3224782910019466,3.8429908290492683,3.359693807951794
2019,8,2500942.5,3107371.0,9.9,2560232.2,386946.0,8.52,256.558,State,7546410,0.33140824577514344,0.339264921996022,3.8587765729386727,3.320886505195706
2019,9,2221913.8,3104397.0,10.0,2349774.9,388677.0,8.67,256.759,State,7546410,0.2944332205644803,0.3113765220813605,3.894702814701724,3.3767073403463943
2019,10,2877578.1,3197425.0,9.78,2395821.4,396221.0,8.82,257.346,State,7546410,0.38131748738804283,0.31747829762761365,3.8003310717866214,3.427292438973211
2019,11,3071578.6,3132786.0,9.65,2292963.2,391070.0,8.77,257.208,State,7546410,0.4070251417561463,0.3038482139189363,3.751827314858013,3.4096917669745883
2019,12,3908737.5,3142264.0,9.57,2629336.8,389912.0,8.84,256.974,State,7546410,0.5179598643593444,0.3484222034053278,3.724112166989657,3.4400367352339147
2020,1,4046580.9,3154786.0,9.55,2634167.4,389577.0,8.79,257.971,State,7656200,0.5285364671769285,0.3440567644523393,3.7019665001104776,3.407359741986502
2020,2,3602750.4,3133383.0,9.54,2450935.6,384848.0,8.84,258.678,State,7656200,0.47056639063765315,0.320124291423944,3.6879827430241456,3.4173760428022484
2020,3,3635816.0,3135623.0,9.72,2411650.0,387779.0,8.93,258.115,State,7656200,0.4748851910869622,0.3149930775058123,3.765763322550026,3.4596981965403013
2020,4,2967715.7,3192128.0,9.8,2087288.9,392136.0,8.74,256.389,State,7656200,0.3876225412084324,0.2726272694025757,3.822316870068529,3.408882596367239
2020,5,2493203.4,3158836.0,10.01,1958485.4,389519.0,9.02,256.394,State,7656200,0.32564501972257776,0.2558038452496016,3.9041475229529548,3.5180230426609045
2020,6,2504660.5,3164916.0,10.08,2062111.7,387411.0,9.07,257.797,State,7656200,0.3271414670463154,0.2693387973145947,3.9100532589595685,3.518272128845564
2020,7,2751882.5,3181989.0,10.02,2275392.7,392796.0,8.74,259.101,State,7656200,0.3594318983307646,0.29719608944384945,3.8672178030960893,3.373201955993995
2020,8,2591627.2,3164874.0,10.08,2319079.8,388923.0,8.77,259.918,State,7656200,0.3385004571458426,0.30290219691230635,3.8781461845659018,3.3741410752621976
2020,9,2373058.8,3179647.0,10.19,2207023.3,391955.0,8.9,260.28,State,7656200,0.30995256132284943,0.288266150309553,3.9150145996619026,3.419394498232673
2020,10,2605835.6,3189126.0,10.03,2260711.0,391482.0,9.1,260.388,State,7656200,0.3403562602857815,0.29527846712468325,3.8519440219979417,3.494784705900426
2020,11,3171934.9,3164257.0,9.95,2231602.9,389049.0,9.13,260.229,State,7656200,0.41429624356730493,0.2914765680102401,3.823555406968478,3.508448328203237
2020,12,4113732.1,3199271.0,9.88,2408963.4,392134.0,9.09,260.474,State,7656200,0.5373072934353857,0.31464217235704395,3.7930849144252403,3.4897916874620885
2021,1,3986354.8,3190732.0,9.77,2409362.0,391329.0,8.91,261.582,State,7766975,0.5132441909495009,0.31020596821799995,3.73496647322828,3.406197674151892
2021,2,3940535.6,3194492.0,9.81,2393811.8,389371.0,9.08,263.014,State,7766975,0.5073449573353848,0.3082038760263809,3.7298394762256,3.452287710920331
2021,3,3902326.7,3227584.0,9.97,2491649.2,395272.0,9.13,264.877,State,7766975,0.5024255517753051,0.3208004660759176,3.7640112203022533,3.4468828928144006
2021,4,2980926.7,3212049.0,10.14,2278812.0,392998.0,8.95,267.054,State,7766975,0.3837950682215406,0.29339762262656954,3.796984879462581,3.3513821174743685
2021,5,2554682.5,3209023.0,10.21,2136380.7,393627.0,9.07,269.195,State,7766975,0.32891601942841325,0.2750595566485022,3.7927896134772197,3.369304779063504
2021,6,2717303.5,3212182.0,10.15,2430583.1,393634.0,9.12,271.696,State,7766975,0.34985351439910645,0.312938190222062,3.735792945056239,3.356692774277133
2021,7,2813088.1,3222492.0,10.26,2443672.9,395464.0,9.16,273.003,State,7766975,0.36218580592830546,0.31462350529002603,3.7582004593356118,3.355274484163178
2021,8,2750151.4,3240724.0,10.29,2519110.9,394307.0,9.04,273.567,State,7766975,0.3540826898502956,0.3243361669118286,3.761418592154755,3.3044921353818255
2021,9,2395717.3,3233217.0,10.41,2303213.0,396784.0,9.18,274.31,State,7766975,0.30844920963438144,0.2965392575616633,3.794976486456928,3.346578688345302
2021,10,2642217.7,3228753.0,10.39,2314599.2,394094.0,9.48,276.589,State,7766975,0.34018619861657856,0.29800523369780385,3.7564762156123344,3.427468192878242
2021,11,3083412.4,3237718.0,10.22,2344089.2,396554.0,9.31,277.948,State,7766975,0.3969901280743146,0.3018020786728424,3.6769467670211697,3.349547397354901
2021,12,4254516.4,3240757.0,10.09,2572097.1,394825.0,9.29,278.802,State,7766975,0.5477700649223154,0.3311581535926149,3.619055817390119,3.332113829886442
2022,1,4571377.8,3236464.0,9.94,2737655.9,396612.0,9.39,281.148,State,7864400,0.5812748334265805,0.34810740806673107,3.5355044318294984,3.339877929062273
2022,2,3880365.9,3232350.0,10.04,2441279.0,393444.0,9.47,283.716,State,7864400,0.4934090203957072,0.3104215197599308,3.5387500176232565,3.337844887140662
2022,3,3842136.4,3304281.0,10.14,2469324.1,403809.0,9.49,287.504,State,7864400,0.48854793754132547,0.31398760236000206,3.526907451722411,3.300823640714564
2022,4,3286471.3,3255357.0,10.14,2388936.8,395050.0,9.34,289.109,State,7864400,0.4178921850363664,0.30376593255683837,3.5073276860976312,3.230615442618528
2022,5,2826102.8,3265567.0,10.37,2299461.0,399184.0,9.54,292.296,State,7864400,0.359353898580947,0.29238861197294136,3.5477734898869637,3.26381476311684
2022,6,2560683.7,3271912.0,10.52,2313306.2,397380.0,9.48,296.311,State,7864400,0.32560445806418803,0.2941491022837089,3.550323815180672,3.199341232691328
2022,7,2820200.5,3273422.0,10.45,2462318.0,400344.0,9.47,296.276,State,7864400,0.35860338995981894,0.3130967397385687,3.5271166074876126,3.196343949560545
2022,8,2987809.5,3285972.0,10.41,2608434.9,398863.0,9.45,296.171,State,7864400,0.3799157596256548,0.33167627536747873,3.5148613469921095,3.19072427752886
2022,9,2498625.3,3286929.0,10.6,2452679.9,398996.0,9.49,296.808,State,7864400,0.3177134047098316,0.3118712044148314,3.5713323091021807,3.197353171073556
2022,10,2446597.8,3284239.0,10.62,2365480.0,397504.0,9.78,298.012,State,7864400,0.31109783327399415,0.30078327653730735,3.563614887991087,3.281747043743205
2022,11,3499071.4,3281465.0,10.34,2551385.0,398666.0,9.44,297.711,State,7864400,0.44492541071156094,0.32442207924317173,3.473166930345201,3.170860330992136
2022,12,4556406.7,3304061.0,10.04,2690187.4,399179.0,9.6,296.797,State,7864400,0.579371178983775,0.3420715375616703,3.382783518701334,3.2345340417861363
2023,1,4449131.1,3303354.0,10.49,2725713.6,398279.0,9.99,299.17,State,7951150,0.5595581896958302,0.34280746810209844,3.5063676170739044,3.3392385600160446
2023,2,3909200.7,3284012.0,10.71,2483301.6,396697.0,9.99,300.84,State,7951150,0.4916522389842979,0.312319802795822,3.5600319106501797,3.320702034303949
2023,3,4109760.4,3326288.0,10.79,2676398.3,402537.0,10.1,301.836,State,7951150,0.5168762254516642,0.33660518289807134,3.574788958242224,3.346187996130349
2023,4,3269616.7,3298626.0,10.95,2466345.0,400538.0,9.86,303.363,State,7951150,0.41121305723071505,0.31018720562434365,3.6095370892297343,3.250231570758464
2023,5,2763419.4,3315936.0,11.16,2387888.9,400833.0,9.75,304.127,State,7951150,0.3475496500506216,0.30031994114058974,3.669519641465572,3.205897536226642
2023,6,2493057.1,3318452.0,11.21,2442038.8,401177.0,9.7,305.109,State,7951150,0.31354673223370205,0.3071302641756224,3.674096798193433,3.179191698704397
2023,7,2721313.9,3331766.0,11.15,2517745.6,403951.0,9.71,305.691,State,7951150,0.3422541267615376,0.3166517547776108,3.6474740833063457,3.176410165821042
2023,8,2858401.5,3331614.0,11.14,2665124.9,402846.0,9.82,307.026,State,7951150,0.35949535601768295,0.3351873502575099,3.6283572075329125,3.1984261919185997
2023,9,2402144.1,3322671.0,11.38,2423992.3,402809.0,9.87,307.789,State,7951150,0.3021127887160977,0.3048605924929098,3.697338111498462,3.206742281238121
2023,10,2660022.5,3337563.0,11.33,2480115.3,402954.0,10.18,307.671,State,7951150,0.3345456317639587,0.31191906831087324,3.682505013472183,3.3087291294922174
2023,11,3312642.9,3327648.0,11.07,2440260.1,402048.0,10.08,307.051,State,7951150,0.41662437509039574,0.30690656068619004,3.6052642720590398,3.282842263988719
2023,12,3991431.7,3340072.0,10.98,2660717.6,402375.0,9.94,306.746,State,7951150,0.5019942649805375,0.33463305308037206,3.5795087792505855,3.2404660533470686
